4925.0,4951.0,4979.0,5001.0,5098.0,5076.0,5048.0,5113.0,5206.0,5174.0,5190.0,5170.0,5146.0,5096.0,5084.0,5060.0,5091.0,5071.0,5047.0,5031.0,5048.0,5082.0,5098.0,5091.0,5128.0,5054.0,5063.0,5005.0,4956.0,4952.0,5063.0,5020.0,5008.0,5012.0,4974.0,4894.0,4895.0,4957.0,4889.0,4861.0,4791.0,4730.0,4665.0,4667.0,4620.0,4607.0,4814.0,4759.0,4688.0,4613.0,4599.0,4543.0,4694.0,4694.0,4643.0,4606.0,4464.0,4425.0,4375.0,4320.0,4292.0,4265.0,4200.0,4169.0,4123.0,4051.0,4051.0,3971.0,3920.0,3890.0,3862.0,'DES'
3521.0,3517.0,3503.0,3510.0,3493.0,3492.0,3470.0,3475.0,3458.0,3435.0,3418.0,3426.0,3423.0,3404.0,3396.0,3406.0,3357.0,3330.0,3367.0,3354.0,3308.0,3499.0,3490.0,3589.0,3617.0,3629.0,3718.0,3649.0,3584.0,3560.0,3597.0,3486.0,3446.0,3431.0,3414.0,3388.0,3348.0,3314.0,3319.0,3265.0,3234.0,3199.0,3206.0,3183.0,3131.0,3105.0,3096.0,3087.0,3074.0,3030.0,3004.0,2971.0,2959.0,2918.0,2844.0,2841.0,2843.0,2813.0,2774.0,2740.0,2729.0,2708.0,2711.0,2665.0,2643.0,2478.0,2266.0,2258.0,2259.0,2211.0,2208.0,'MHW'
2845.0,2797.0,2706.0,2669.0,2599.0,2590.0,2573.0,2570.0,2568.0,2597.0,2615.0,2614.0,2569.0,2613.0,2612.0,2624.0,2637.0,2617.0,2575.0,2523.0,2502.0,2458.0,2437.0,2430.0,2439.0,2419.0,2373.0,2350.0,2324.0,2326.0,2326.0,2290.0,2265.0,2241.0,2225.0,2208.0,2187.0,2157.0,2123.0,2081.0,2059.0,2037.0,2017.0,1997.0,1951.0,1934.0,1925.0,1862.0,1854.0,1829.0,1820.0,1804.0,1717.0,1700.0,1665.0,1620.0,1601.0,1611.0,1616.0,1591.0,1569.0,1565.0,1556.0,1556.0,1539.0,1505.0,1464.0,1399.0,1389.0,1389.0,1420.0,'AHW'
15039.0,14997.0,14929.0,14882.0,14803.0,14846.0,14819.0,14858.0,14769.0,14657.0,14657.0,14602.0,14571.0,14456.0,14449.0,14545.0,14571.0,14640.0,14584.0,14409.0,14393.0,14303.0,14158.0,14064.0,14181.0,14492.0,14788.0,14935.0,14882.0,14819.0,14719.0,14621.0,14612.0,14543.0,14480.0,14457.0,14278.0,14208.0,14055.0,14009.0,13968.0,14032.0,14034.0,13892.0,13714.0,13536.0,13422.0,13240.0,12966.0,12679.0,12483.0,12286.0,11840.0,11840.0,11710.0,11557.0,11378.0,11293.0,11206.0,11102.0,10904.0,10764.0,10439.0,10081.0,9926.0,9737.0,9737.0,9661.0,9472.0,9414.0,9363.0,'AHW'
3248.0,3242.0,3244.0,3209.0,3194.0,3173.0,3182.0,3147.0,3149.0,3146.0,3135.0,3142.0,3166.0,3180.0,3124.0,3044.0,3010.0,2998.0,2942.0,2951.0,2904.0,2903.0,2908.0,2919.0,2934.0,2915.0,2871.0,2823.0,2796.0,2731.0,2739.0,2553.0,2512.0,2484.0,2455.0,2445.0,2397.0,2399.0,2346.0,2290.0,2271.0,2274.0,2244.0,2228.0,2235.0,2210.0,2179.0,2155.0,2121.0,2103.0,2105.0,2096.0,2096.0,2076.0,2097.0,2067.0,2063.0,1986.0,1951.0,1950.0,1935.0,1900.0,1886.0,1870.0,1838.0,1819.0,1829.0,1793.0,1772.0,1753.0,1713.0,'MHW'
9890.0,9868.0,9825.0,9786.0,9799.0,9840.0,9762.0,9908.0,10115.0,10102.0,10157.0,10130.0,10065.0,10056.0,10028.0,10101.0,10041.0,10030.0,9918.0,9792.0,9736.0,9660.0,9630.0,9550.0,9590.0,9550.0,9589.0,9608.0,9540.0,9464.0,9355.0,9230.0,9165.0,9050.0,9007.0,8914.0,8850.0,8810.0,8672.0,8523.0,8431.0,8345.0,8205.0,8129.0,8051.0,7904.0,7880.0,8473.0,8326.0,8194.0,8207.0,8068.0,7973.0,7973.0,7636.0,7537.0,7458.0,7389.0,7359.0,7250.0,7179.0,7112.0,7040.0,7016.0,6921.0,6984.0,6984.0,6874.0,6725.0,6720.0,6543.0,'MHW'
18057.0,18027.0,17988.0,18058.0,18078.0,17859.0,17838.0,17843.0,17645.0,17707.0,17543.0,17338.0,17268.0,17291.0,17239.0,17114.0,17072.0,17030.0,17004.0,16743.0,16722.0,16592.0,16497.0,16579.0,16210.0,16136.0,15462.0,15232.0,15158.0,15066.0,14654.0,14186.0,13910.0,13743.0,13604.0,13385.0,13218.0,12938.0,12621.0,12627.0,12443.0,12304.0,12094.0,11692.0,11535.0,11394.0,11267.0,11251.0,11235.0,11007.0,10931.0,10755.0,10346.0,10346.0,10263.0,10272.0,10251.0,10255.0,10166.0,10101.0,10034.0,9987.0,9847.0,9693.0,9649.0,9538.0,9534.0,9394.0,9347.0,9319.0,9235.0,'DES'
3371.0,3304.0,3278.0,3257.0,3286.0,3308.0,3290.0,3333.0,3340.0,3355.0,3349.0,3335.0,3311.0,3330.0,3307.0,3256.0,3262.0,3348.0,3276.0,3289.0,3190.0,3099.0,3088.0,3088.0,3063.0,3020.0,2873.0,2960.0,2948.0,2961.0,2943.0,2917.0,2892.0,2877.0,2833.0,2814.0,2792.0,2746.0,2735.0,2714.0,2692.0,2658.0,2625.0,2575.0,2526.0,2519.0,2518.0,2498.0,2461.0,2335.0,2324.0,2298.0,2242.0,2242.0,2172.0,2143.0,2099.0,2136.0,2138.0,2116.0,2124.0,2092.0,2053.0,1993.0,1949.0,1929.0,1929.0,1877.0,1874.0,1871.0,1824.0,'MHW'
20871.0,20936.0,20870.0,20868.0,20834.0,20640.0,20570.0,20849.0,20772.0,20784.0,20951.0,21452.0,21404.0,21361.0,21163.0,21187.0,21077.0,20851.0,20578.0,20551.0,20403.0,20203.0,20025.0,19886.0,19681.0,19420.0,19346.0,19835.0,20483.0,20367.0,21095.0,20471.0,20645.0,21041.0,20965.0,20842.0,20590.0,20496.0,20337.0,20040.0,19801.0,19512.0,19295.0,19052.0,18890.0,18759.0,18675.0,18583.0,18414.0,18322.0,18212.0,18058.0,17983.0,17804.0,17585.0,17382.0,17234.0,17076.0,16921.0,16798.0,16621.0,16421.0,16365.0,16179.0,16115.0,15954.0,15899.0,15857.0,15785.0,15769.0,15743.0,'DES'
2521.0,2532.0,2603.0,2601.0,2606.0,2553.0,2568.0,2499.0,2413.0,2409.0,2388.0,2378.0,2415.0,2411.0,2376.0,2356.0,2320.0,2266.0,2209.0,2212.0,2191.0,2200.0,2125.0,2106.0,2088.0,2070.0,2059.0,2024.0,1992.0,1978.0,2014.0,1950.0,1960.0,1944.0,1908.0,1876.0,1879.0,1847.0,1845.0,1804.0,1791.0,1787.0,1780.0,1781.0,1778.0,1768.0,1770.0,1767.0,1742.0,1731.0,1721.0,1712.0,1674.0,1660.0,1661.0,1647.0,1652.0,1638.0,1619.0,1619.0,1605.0,1591.0,1598.0,1552.0,1526.0,1509.0,1505.0,1499.0,1494.0,1486.0,1481.0,'AHW'
7370.0,7339.0,7312.0,7294.0,7278.0,7357.0,7360.0,7308.0,7306.0,7278.0,7282.0,7245.0,7238.0,7203.0,7082.0,7016.0,6981.0,6935.0,6863.0,6803.0,6803.0,6828.0,6859.0,6824.0,6830.0,6805.0,6842.0,6753.0,6696.0,6670.0,6668.0,6661.0,6608.0,6582.0,6567.0,6510.0,6444.0,6417.0,6381.0,6365.0,6308.0,6245.0,6240.0,6149.0,6101.0,6049.0,6035.0,5976.0,5775.0,5686.0,5610.0,5612.0,5742.0,5742.0,5710.0,5621.0,5512.0,5516.0,5357.0,5289.0,5240.0,5119.0,5146.0,5064.0,5087.0,5002.0,5002.0,4973.0,4951.0,4936.0,4859.0,'DES'
6090.0,6093.0,6071.0,6039.0,6010.0,5942.0,5889.0,5710.0,5693.0,5637.0,5615.0,5553.0,5581.0,5552.0,5521.0,5287.0,5229.0,5192.0,5163.0,5281.0,5301.0,5277.0,5225.0,5193.0,5115.0,4932.0,4879.0,4900.0,4886.0,4815.0,4802.0,4714.0,4716.0,4793.0,4745.0,4713.0,4665.0,4678.0,4679.0,4574.0,4572.0,4550.0,4429.0,4363.0,4341.0,4361.0,4322.0,4307.0,4243.0,4234.0,4197.0,4177.0,4035.0,3935.0,3970.0,3908.0,3919.0,3944.0,3946.0,3958.0,3929.0,3880.0,3859.0,3825.0,3826.0,3791.0,3693.0,3632.0,3607.0,3605.0,3596.0,'DES'
3498.0,3522.0,3535.0,3566.0,3591.0,3597.0,3607.0,3639.0,3650.0,3689.0,3716.0,3920.0,4028.0,4226.0,4184.0,4226.0,4220.0,4200.0,4205.0,4235.0,4205.0,4163.0,4073.0,4041.0,4011.0,3992.0,3976.0,3949.0,3923.0,3902.0,3998.0,3862.0,3820.0,3798.0,3782.0,3766.0,3738.0,3726.0,3695.0,3655.0,3616.0,3595.0,3563.0,3510.0,3485.0,3484.0,3486.0,3487.0,3468.0,3463.0,3453.0,3422.0,3417.0,3384.0,3372.0,3360.0,3339.0,3335.0,3315.0,3299.0,3286.0,3273.0,3260.0,3223.0,3210.0,3179.0,3160.0,3179.0,3172.0,3241.0,3268.0,'ARIMA'
4805.0,4812.0,4805.0,4791.0,4782.0,4775.0,4779.0,4758.0,4757.0,4739.0,4682.0,4640.0,4594.0,4585.0,4535.0,4533.0,4437.0,4435.0,4368.0,4324.0,4275.0,4283.0,4285.0,4334.0,4311.0,4289.0,4275.0,4241.0,4273.0,4264.0,4239.0,4181.0,4190.0,4177.0,4169.0,4157.0,4117.0,4099.0,4057.0,4035.0,3943.0,3907.0,3821.0,3766.0,3751.0,3747.0,3732.0,3719.0,3668.0,3629.0,3476.0,3510.0,3666.0,3666.0,3649.0,3684.0,3666.0,3610.0,3618.0,3613.0,3590.0,3504.0,3557.0,3499.0,3528.0,3158.0,3158.0,3166.0,3196.0,3200.0,3238.0,'MHW'
8183.0,8156.0,8102.0,8071.0,8015.0,8001.0,7925.0,7910.0,7928.0,7870.0,7898.0,7919.0,7850.0,7741.0,7571.0,7568.0,7498.0,7412.0,7335.0,7289.0,7202.0,7141.0,7106.0,7033.0,7019.0,7016.0,6977.0,6962.0,6932.0,6888.0,6967.0,6792.0,6755.0,6740.0,6627.0,6615.0,6595.0,6606.0,6552.0,6452.0,6337.0,6164.0,6093.0,6072.0,6040.0,6015.0,6027.0,5993.0,5971.0,5918.0,5843.0,5840.0,5805.0,5775.0,5774.0,5738.0,5704.0,5733.0,5591.0,5553.0,5424.0,5344.0,5291.0,5228.0,5114.0,5077.0,5055.0,4999.0,5029.0,5000.0,5091.0,'SES'
5072.0,5174.0,5212.0,5161.0,5108.0,4977.0,4905.0,4796.0,4729.0,4705.0,4630.0,4584.0,4482.0,4424.0,4354.0,4288.0,4169.0,4172.0,3961.0,3907.0,3900.0,3837.0,3777.0,3744.0,3731.0,3694.0,3629.0,3596.0,3542.0,3621.0,3611.0,3491.0,3430.0,3376.0,3368.0,3341.0,3347.0,3325.0,3313.0,3278.0,3243.0,3286.0,3266.0,3279.0,3235.0,3210.0,3206.0,3136.0,3148.0,3076.0,3055.0,3025.0,2818.0,2782.0,2677.0,2631.0,2584.0,2590.0,2540.0,2526.0,2486.0,2431.0,2447.0,2385.0,2206.0,2153.0,2159.0,2148.0,2123.0,2089.0,2155.0,'AHW'
2049.0,1991.0,1962.0,1915.0,1867.0,1854.0,1859.0,1936.0,1935.0,1920.0,1931.0,1940.0,1936.0,1939.0,1950.0,1930.0,1941.0,1977.0,1937.0,1901.0,1922.0,1889.0,1842.0,1829.0,1828.0,1815.0,1878.0,2161.0,2275.0,2480.0,2511.0,2652.0,2988.0,3135.0,3174.0,3215.0,3237.0,3239.0,3271.0,3270.0,3284.0,3298.0,3385.0,3434.0,3463.0,3544.0,3558.0,3563.0,3486.0,3483.0,3443.0,3390.0,3350.0,3455.0,3379.0,3297.0,3227.0,3160.0,3093.0,3022.0,2934.0,2752.0,2658.0,2584.0,2497.0,2409.0,2360.0,2291.0,2243.0,2211.0,2167.0,'ARIMA'
6352.0,6315.0,6298.0,6237.0,6157.0,6092.0,6027.0,5974.0,5953.0,5944.0,5911.0,5850.0,5800.0,5749.0,5781.0,5827.0,5831.0,6157.0,6093.0,6069.0,6081.0,6007.0,5499.0,5399.0,5370.0,5360.0,5217.0,5206.0,5151.0,5267.0,5341.0,5112.0,5123.0,5061.0,5090.0,5036.0,4975.0,4936.0,4900.0,4843.0,4875.0,4866.0,4848.0,4778.0,4731.0,4388.0,4386.0,4373.0,4363.0,4339.0,4289.0,4370.0,4307.0,4356.0,4173.0,4148.0,4124.0,4108.0,4073.0,4081.0,4070.0,4105.0,4195.0,4190.0,4203.0,4311.0,4579.0,4544.0,4564.0,4548.0,4450.0,'DES'
5091.0,5185.0,5159.0,5090.0,5091.0,5095.0,5067.0,4971.0,4955.0,4886.0,4847.0,4695.0,4550.0,4444.0,4412.0,4383.0,4315.0,4254.0,4181.0,4220.0,4400.0,4338.0,4246.0,4218.0,4179.0,4189.0,4114.0,4097.0,4070.0,4052.0,4034.0,3985.0,3990.0,3910.0,3830.0,3719.0,3656.0,3639.0,3588.0,3565.0,3521.0,3566.0,3565.0,3529.0,3503.0,3479.0,3437.0,3423.0,3426.0,3378.0,3335.0,3274.0,3246.0,3246.0,3208.0,3174.0,3153.0,3113.0,2994.0,3054.0,3020.0,2988.0,2961.0,2942.0,2915.0,2828.0,2828.0,2818.0,2845.0,2847.0,2703.0,'MHW'
5439.0,5463.0,5461.0,5413.0,5357.0,5345.0,5287.0,5290.0,5261.0,5273.0,5243.0,5193.0,5154.0,5055.0,4959.0,4853.0,4780.0,4688.0,4675.0,4643.0,4598.0,4485.0,4466.0,4454.0,4495.0,4466.0,4413.0,4429.0,4348.0,4362.0,4280.0,4252.0,4212.0,4188.0,4167.0,4127.0,4138.0,4056.0,3983.0,3893.0,3831.0,3744.0,3710.0,3693.0,3688.0,3667.0,3600.0,3566.0,3565.0,3557.0,3490.0,3468.0,3329.0,3329.0,3226.0,3174.0,3139.0,3108.0,3084.0,3067.0,2995.0,2987.0,2966.0,3047.0,2940.0,2862.0,2862.0,2861.0,2814.0,2802.0,2735.0,'DES'
4766.0,4815.0,4920.0,4936.0,4947.0,4904.0,4877.0,4899.0,4896.0,4937.0,5155.0,5119.0,5119.0,5147.0,5136.0,5135.0,5119.0,5153.0,5111.0,5109.0,5032.0,4989.0,4929.0,4919.0,4883.0,4850.0,4857.0,4850.0,4831.0,4793.0,4782.0,4809.0,4725.0,4698.0,4639.0,4528.0,4459.0,4405.0,4314.0,4252.0,4245.0,4177.0,4122.0,4034.0,3955.0,3928.0,3884.0,3826.0,3713.0,3672.0,3682.0,3615.0,3529.0,3529.0,3479.0,3446.0,3385.0,3296.0,3234.0,3188.0,3078.0,3018.0,2983.0,2889.0,2877.0,2748.0,2748.0,2671.0,2627.0,2582.0,2527.0,'DES'
14675.0,14618.0,14741.0,14803.0,14747.0,14723.0,14745.0,14827.0,14861.0,14807.0,14827.0,14691.0,14595.0,14467.0,14276.0,14168.0,14012.0,13871.0,13784.0,13674.0,13635.0,13592.0,13399.0,13287.0,13099.0,12794.0,12906.0,12887.0,12782.0,12727.0,12286.0,12129.0,11987.0,11976.0,11791.0,11652.0,11500.0,11602.0,11685.0,11512.0,11335.0,11217.0,11099.0,11018.0,10942.0,10775.0,10718.0,10558.0,10386.0,10248.0,10128.0,9983.0,9596.0,9596.0,9459.0,9347.0,9161.0,9065.0,8976.0,8779.0,8648.0,8517.0,8402.0,8164.0,8069.0,7660.0,7660.0,7393.0,7311.0,7252.0,7172.0,'AHW'
2179.0,2168.0,2173.0,2159.0,2149.0,2127.0,2107.0,2113.0,2084.0,2095.0,2097.0,2107.0,2052.0,2025.0,2020.0,2043.0,1985.0,1950.0,1910.0,1877.0,1844.0,1844.0,1833.0,1811.0,1802.0,1820.0,1825.0,1819.0,1779.0,1785.0,1824.0,1716.0,1726.0,1728.0,1721.0,1699.0,1695.0,1665.0,1648.0,1627.0,1620.0,1594.0,1584.0,1558.0,1521.0,1477.0,1468.0,1471.0,1441.0,1404.0,1402.0,1374.0,1310.0,1288.0,1276.0,1272.0,1258.0,1253.0,1252.0,1227.0,1205.0,1198.0,1175.0,1167.0,1134.0,1121.0,1103.0,1040.0,1046.0,1032.0,1015.0,'ARIMA'
3065.0,3038.0,3040.0,3032.0,3068.0,3065.0,3064.0,3099.0,3134.0,3148.0,3154.0,3164.0,3205.0,3194.0,3215.0,3234.0,3221.0,3210.0,3180.0,3174.0,3191.0,3166.0,2157.0,2172.0,2160.0,2144.0,2040.0,1973.0,1981.0,1954.0,1908.0,1879.0,1856.0,1834.0,1832.0,1821.0,1726.0,1692.0,1676.0,1693.0,1661.0,1645.0,1615.0,1596.0,1591.0,1582.0,1583.0,1586.0,1639.0,1646.0,1638.0,1653.0,1670.0,1672.0,1697.0,1684.0,1742.0,1731.0,1732.0,1761.0,1910.0,1926.0,1940.0,1933.0,1947.0,1982.0,1984.0,1984.0,1996.0,1980.0,2007.0,'DES'
8099.0,8131.0,8131.0,8112.0,8079.0,8039.0,8042.0,8062.0,7985.0,7970.0,8017.0,7938.0,7945.0,7918.0,7831.0,7815.0,7816.0,7817.0,7769.0,7761.0,7730.0,7704.0,7726.0,7799.0,7899.0,8001.0,8752.0,8682.0,8445.0,8388.0,8380.0,8263.0,8282.0,8319.0,8261.0,8150.0,8037.0,7987.0,7718.0,7689.0,7665.0,7637.0,7605.0,7666.0,7603.0,7502.0,7410.0,7499.0,8106.0,8089.0,8021.0,7934.0,7832.0,7832.0,7814.0,7703.0,7625.0,7548.0,7472.0,7454.0,7496.0,7439.0,7383.0,7334.0,7315.0,7391.0,7391.0,7420.0,7372.0,7305.0,7325.0,'SES'
3974.0,3980.0,3960.0,3955.0,3948.0,3957.0,3960.0,3951.0,3953.0,3981.0,3968.0,3973.0,3960.0,3966.0,3897.0,3887.0,3870.0,3851.0,3836.0,3810.0,3801.0,3797.0,3770.0,3759.0,3819.0,3819.0,3797.0,3774.0,3779.0,3757.0,3801.0,3784.0,3725.0,3791.0,3805.0,3786.0,3883.0,3882.0,3560.0,3479.0,3423.0,3370.0,3320.0,3316.0,3297.0,3238.0,3220.0,3192.0,3157.0,3136.0,3082.0,3064.0,2987.0,2883.0,2872.0,2858.0,2754.0,2772.0,2770.0,2731.0,2690.0,2676.0,2655.0,2656.0,2658.0,2648.0,2649.0,2627.0,2664.0,2643.0,2632.0,'DES'
6506.0,6452.0,6401.0,6386.0,6381.0,6322.0,6308.0,6263.0,6279.0,6281.0,6325.0,6371.0,6394.0,6376.0,6330.0,5781.0,5620.0,5617.0,5579.0,5543.0,5490.0,5476.0,5460.0,5442.0,5400.0,5348.0,5307.0,5209.0,5147.0,5101.0,5195.0,4969.0,4907.0,4871.0,4793.0,4711.0,4640.0,4573.0,4518.0,4470.0,4380.0,4244.0,4146.0,4100.0,3990.0,3904.0,3828.0,3765.0,3765.0,3620.0,3540.0,3451.0,3354.0,3291.0,3203.0,3190.0,3119.0,3084.0,3122.0,3071.0,3040.0,3022.0,3014.0,3004.0,2940.0,2870.0,2804.0,2836.0,2798.0,2782.0,2745.0,'DES'
5711.0,5675.0,5594.0,5568.0,5513.0,5471.0,5491.0,5476.0,5488.0,5485.0,5441.0,5424.0,5389.0,5383.0,5337.0,5271.0,5223.0,5217.0,5157.0,5127.0,5077.0,5193.0,5133.0,4960.0,5131.0,5166.0,5101.0,5059.0,5038.0,4969.0,5006.0,4807.0,4751.0,4689.0,4658.0,4564.0,4567.0,4566.0,4519.0,4487.0,4432.0,4394.0,4399.0,4378.0,4324.0,4275.0,4228.0,4257.0,4235.0,4238.0,4209.0,4217.0,4190.0,4203.0,4226.0,4124.0,4093.0,4070.0,4038.0,3942.0,3929.0,3870.0,3834.0,3812.0,3822.0,3765.0,3722.0,3698.0,3650.0,3702.0,3688.0,'DES'
4802.0,4765.0,4872.0,4933.0,5003.0,4983.0,4952.0,4989.0,5035.0,5084.0,5079.0,5087.0,5087.0,5088.0,5022.0,4994.0,4820.0,4728.0,4636.0,4627.0,4623.0,4662.0,4634.0,4673.0,4677.0,4582.0,4593.0,4538.0,4521.0,4522.0,4504.0,4574.0,4501.0,4545.0,4514.0,4460.0,4435.0,4388.0,4535.0,4394.0,4146.0,4126.0,4068.0,4034.0,4019.0,4019.0,3981.0,3984.0,3969.0,3902.0,3899.0,3856.0,3745.0,3745.0,3724.0,3693.0,3580.0,3532.0,3509.0,3463.0,3467.0,3423.0,3381.0,3358.0,3332.0,3262.0,3262.0,3207.0,3240.0,3219.0,3223.0,'AHW'
5337.0,5240.0,5143.0,5067.0,5003.0,4955.0,4898.0,4963.0,4995.0,4956.0,4934.0,4936.0,4877.0,4873.0,4832.0,4773.0,4728.0,4716.0,4673.0,4615.0,4652.0,4573.0,4567.0,4507.0,4504.0,4582.0,4515.0,4558.0,4537.0,4549.0,4558.0,4548.0,4508.0,4414.0,4393.0,4480.0,4437.0,4408.0,4291.0,4210.0,4136.0,4119.0,4089.0,4059.0,4020.0,3972.0,3962.0,3870.0,3765.0,3693.0,3718.0,3640.0,3536.0,3536.0,3523.0,3484.0,3494.0,3451.0,3381.0,3336.0,3275.0,3261.0,3181.0,3077.0,3082.0,2977.0,2977.0,2920.0,2848.0,2827.0,2839.0,'AHW'
6459.0,6416.0,6404.0,6489.0,6600.0,6707.0,6764.0,6826.0,6864.0,6901.0,6970.0,6983.0,7002.0,7000.0,7072.0,7035.0,7004.0,6938.0,6951.0,6858.0,6867.0,6890.0,6837.0,6839.0,6799.0,6784.0,6797.0,6755.0,6713.0,6646.0,6655.0,6405.0,6344.0,6213.0,6180.0,6024.0,5902.0,5771.0,5689.0,5636.0,5571.0,5499.0,5370.0,5253.0,5225.0,5183.0,5122.0,4998.0,4974.0,4957.0,4987.0,4864.0,4806.0,4754.0,4705.0,4644.0,4635.0,4611.0,4612.0,4564.0,4502.0,4424.0,4373.0,4325.0,4310.0,4301.0,4219.0,4180.0,4173.0,4098.0,4077.0,'DES'
4324.0,4288.0,4282.0,4250.0,4221.0,4242.0,4266.0,4242.0,4300.0,4313.0,4503.0,4519.0,4537.0,4523.0,4515.0,4421.0,4401.0,4307.0,4300.0,4284.0,4290.0,4309.0,4354.0,4360.0,4357.0,4312.0,4233.0,4281.0,4214.0,4200.0,4250.0,4127.0,4144.0,4126.0,4094.0,4082.0,4108.0,3952.0,3900.0,3885.0,3824.0,3845.0,3836.0,3793.0,3732.0,3767.0,3740.0,3700.0,3643.0,3624.0,3545.0,3502.0,3429.0,3369.0,3294.0,3269.0,3285.0,3242.0,3169.0,3170.0,3120.0,2996.0,2966.0,2881.0,2862.0,2824.0,2795.0,2785.0,2746.0,2747.0,2711.0,'DES'
5765.0,5703.0,5742.0,5700.0,5650.0,5592.0,5683.0,5555.0,5502.0,5512.0,5488.0,5432.0,5381.0,5303.0,5236.0,5189.0,5113.0,5036.0,4969.0,4961.0,4995.0,4967.0,4959.0,4933.0,4925.0,4913.0,4843.0,4636.0,4730.0,4744.0,4629.0,4474.0,4348.0,4248.0,4194.0,4162.0,4010.0,3983.0,3883.0,3874.0,3994.0,4082.0,3975.0,3897.0,3784.0,3803.0,3693.0,3661.0,3504.0,3434.0,3454.0,3394.0,3188.0,3188.0,3183.0,3160.0,3174.0,3096.0,3028.0,2891.0,2833.0,2767.0,2707.0,2634.0,2552.0,2258.0,2258.0,2222.0,2166.0,2122.0,2098.0,'AHW'
3486.0,3472.0,3435.0,3420.0,3424.0,3422.0,3422.0,3412.0,3398.0,3406.0,3382.0,3355.0,3344.0,3283.0,3282.0,3219.0,3176.0,3181.0,3126.0,3095.0,3033.0,3042.0,2810.0,2795.0,2795.0,2786.0,2736.0,2693.0,2655.0,2636.0,2645.0,2638.0,2607.0,2487.0,2455.0,2451.0,2403.0,2374.0,2369.0,2324.0,2295.0,2279.0,2260.0,2249.0,2217.0,2207.0,2174.0,2141.0,2092.0,2099.0,2077.0,2059.0,2024.0,2026.0,2008.0,2006.0,1996.0,1965.0,1930.0,1931.0,1919.0,1919.0,1914.0,1925.0,1898.0,1865.0,1864.0,1877.0,1860.0,1857.0,1892.0,'AHW'
5927.0,5808.0,5656.0,5533.0,5362.0,5248.0,5072.0,4942.0,4813.0,4681.0,4468.0,4224.0,4029.0,3917.0,3871.0,3821.0,3748.0,3712.0,3651.0,3674.0,3602.0,3500.0,3452.0,3451.0,3450.0,3429.0,3409.0,3392.0,3335.0,3282.0,3396.0,3153.0,2971.0,2801.0,2774.0,2717.0,2668.0,2650.0,2592.0,2552.0,2492.0,2434.0,2406.0,2372.0,2319.0,2250.0,2249.0,2139.0,2111.0,2077.0,2016.0,1977.0,1948.0,1923.0,1893.0,1864.0,1824.0,1815.0,1763.0,1715.0,1681.0,1663.0,1634.0,1580.0,1540.0,1503.0,1472.0,1444.0,1433.0,1442.0,1431.0,'DES'
8101.0,8051.0,7938.0,7906.0,7962.0,7935.0,7922.0,7964.0,7671.0,7648.0,7608.0,7666.0,7643.0,7706.0,7734.0,7701.0,7702.0,7659.0,7975.0,7929.0,7890.0,7857.0,7818.0,7837.0,7857.0,7823.0,7855.0,7836.0,7796.0,7837.0,7816.0,7786.0,7693.0,7593.0,7600.0,7592.0,7494.0,7454.0,7378.0,7409.0,7377.0,7365.0,7289.0,7132.0,6976.0,6874.0,6789.0,6674.0,6658.0,6610.0,6519.0,6495.0,6402.0,6402.0,6355.0,6275.0,6284.0,6264.0,6287.0,6145.0,6101.0,6060.0,6033.0,5935.0,5980.0,5934.0,5934.0,5866.0,5928.0,5946.0,5884.0,'DES'
3008.0,3020.0,2992.0,2980.0,2966.0,2959.0,2970.0,2984.0,3083.0,3066.0,3057.0,3040.0,3029.0,2968.0,2944.0,2964.0,2936.0,2886.0,2878.0,2740.0,2669.0,2655.0,2681.0,2681.0,2687.0,2648.0,2634.0,2636.0,2608.0,2581.0,2616.0,2502.0,2469.0,2399.0,2368.0,2354.0,2306.0,2302.0,2267.0,2267.0,2244.0,2219.0,2206.0,2185.0,2171.0,2152.0,2134.0,2090.0,2078.0,2056.0,2046.0,2081.0,2050.0,2040.0,2025.0,2001.0,1991.0,1975.0,1964.0,1947.0,1963.0,1951.0,1912.0,1910.0,1885.0,1868.0,1922.0,1907.0,1895.0,1885.0,1879.0,'SES'
3827.0,3819.0,3814.0,3805.0,3780.0,3774.0,3764.0,3798.0,3797.0,3810.0,3765.0,3748.0,3734.0,3715.0,3710.0,3752.0,3724.0,3738.0,3712.0,3691.0,3637.0,3824.0,3784.0,3751.0,3702.0,3689.0,3669.0,3650.0,3600.0,3562.0,3572.0,3478.0,3440.0,3381.0,3385.0,3356.0,3300.0,3252.0,3211.0,3088.0,3058.0,3016.0,2979.0,2954.0,2899.0,2886.0,2893.0,2872.0,2841.0,2827.0,2802.0,2774.0,2762.0,2727.0,2695.0,2684.0,2689.0,2663.0,2617.0,2605.0,2601.0,2577.0,2662.0,2661.0,2663.0,2502.0,2449.0,2435.0,2423.0,2423.0,2393.0,'AHW'
4970.0,4927.0,4912.0,4883.0,4863.0,4816.0,4770.0,4764.0,4797.0,4754.0,4669.0,4658.0,4671.0,4688.0,4630.0,4519.0,4459.0,4436.0,4448.0,4410.0,4405.0,4379.0,4291.0,4251.0,4159.0,4107.0,4078.0,4006.0,3954.0,3911.0,3831.0,3820.0,3785.0,3778.0,3729.0,3676.0,3592.0,3586.0,3530.0,3501.0,3459.0,3422.0,3372.0,3299.0,3225.0,3120.0,3087.0,3022.0,2951.0,2780.0,2639.0,2507.0,2399.0,2399.0,2386.0,2347.0,2272.0,2275.0,2241.0,2234.0,2170.0,2137.0,2062.0,2020.0,1955.0,1818.0,1818.0,1784.0,1763.0,1733.0,1700.0,'DES'
1872.0,1922.0,2022.0,2110.0,2120.0,2110.0,2089.0,2081.0,2080.0,2097.0,2103.0,2139.0,2179.0,2226.0,2239.0,2213.0,2190.0,2230.0,2254.0,2275.0,2296.0,2304.0,1760.0,1766.0,1768.0,1731.0,1722.0,1724.0,1721.0,1744.0,1766.0,1715.0,1727.0,1698.0,1697.0,1676.0,1665.0,1654.0,1654.0,1604.0,1577.0,1577.0,1565.0,1548.0,1533.0,1496.0,1481.0,1462.0,1445.0,1435.0,1426.0,1435.0,1404.0,1390.0,1394.0,1367.0,1357.0,1291.0,1277.0,1280.0,1250.0,1265.0,1260.0,1248.0,1237.0,1283.0,1295.0,1296.0,1274.0,1228.0,1215.0,'SES'
7330.0,7378.0,7352.0,7412.0,7301.0,7231.0,7194.0,7289.0,7220.0,7287.0,7171.0,7156.0,7098.0,7291.0,7208.0,7142.0,7068.0,6747.0,6405.0,6413.0,6414.0,6454.0,6369.0,6339.0,6311.0,6315.0,6251.0,6121.0,6107.0,6098.0,6000.0,5979.0,5885.0,5861.0,5811.0,5787.0,5767.0,5699.0,5653.0,5618.0,5568.0,5536.0,5593.0,5535.0,5479.0,5476.0,5403.0,5320.0,5307.0,5234.0,5153.0,5111.0,5009.0,5009.0,5024.0,4912.0,4798.0,4705.0,4642.0,4592.0,4545.0,4503.0,4450.0,4410.0,4355.0,4260.0,4260.0,4207.0,4145.0,4127.0,4101.0,'DES'
5622.0,5601.0,5358.0,5182.0,5133.0,5086.0,5101.0,5107.0,5096.0,5051.0,4942.0,4914.0,4881.0,4756.0,4749.0,4712.0,4676.0,4580.0,4529.0,4453.0,4400.0,4523.0,4462.0,4441.0,4551.0,4736.0,4772.0,4761.0,4704.0,4717.0,4819.0,4631.0,4583.0,4525.0,4496.0,4474.0,4419.0,4400.0,4352.0,4260.0,4206.0,4126.0,4119.0,4069.0,4035.0,4004.0,3983.0,3912.0,3882.0,3832.0,3793.0,3762.0,3744.0,3711.0,3722.0,3702.0,3845.0,3788.0,3768.0,3867.0,3999.0,3968.0,3920.0,3882.0,3898.0,3895.0,3876.0,3864.0,3885.0,3902.0,3901.0,'SES'
6830.0,6827.0,6841.0,6754.0,6869.0,6809.0,6836.0,6766.0,6759.0,6719.0,6702.0,6627.0,6630.0,6606.0,6512.0,6550.0,6578.0,6499.0,6371.0,6332.0,6291.0,6307.0,6252.0,6250.0,6164.0,6213.0,6174.0,6154.0,6091.0,6096.0,6046.0,6001.0,5979.0,5921.0,5863.0,5818.0,5758.0,5786.0,5734.0,5678.0,5610.0,5578.0,5589.0,5553.0,5533.0,5521.0,5464.0,5419.0,5346.0,5296.0,5255.0,5235.0,5164.0,5164.0,5172.0,5093.0,5070.0,5108.0,5051.0,5021.0,5001.0,4918.0,4886.0,4877.0,4845.0,4761.0,4762.0,4689.0,4651.0,4642.0,4627.0,'MHW'
5730.0,5668.0,5686.0,5664.0,5657.0,5653.0,5665.0,5725.0,5716.0,5775.0,5728.0,5729.0,5632.0,5595.0,5551.0,5355.0,5408.0,5291.0,5208.0,5187.0,5139.0,5103.0,5053.0,5016.0,4944.0,4871.0,4902.0,4952.0,4871.0,4860.0,4897.0,4838.0,4786.0,4730.0,4668.0,4616.0,4419.0,4323.0,4250.0,4192.0,4168.0,4102.0,4068.0,3945.0,3837.0,3781.0,3737.0,3673.0,3624.0,3598.0,3509.0,3497.0,3494.0,3474.0,3438.0,3420.0,3440.0,3453.0,3438.0,3431.0,3506.0,3448.0,3259.0,3129.0,3108.0,3082.0,3023.0,2962.0,2956.0,2934.0,2921.0,'DES'
40548.0,40331.0,39814.0,39360.0,38915.0,38583.0,38191.0,37477.0,37110.0,36670.0,36330.0,36108.0,35341.0,34764.0,34253.0,33743.0,33296.0,32875.0,32622.0,32346.0,31780.0,31003.0,28467.0,28153.0,27682.0,27217.0,26780.0,26490.0,26020.0,25227.0,25343.0,24453.0,23958.0,23475.0,23102.0,22393.0,21557.0,20893.0,20376.0,19704.0,19016.0,18274.0,18020.0,17317.0,16919.0,16372.0,16069.0,15478.0,15018.0,14561.0,14047.0,13506.0,13035.0,12471.0,11815.0,11172.0,10594.0,9914.0,9319.0,8939.0,8073.0,7431.0,7022.0,6667.0,6403.0,5893.0,5842.0,5705.0,5724.0,5792.0,5862.0,'DES'
19585.0,19608.0,19497.0,19536.0,19587.0,19777.0,19779.0,19763.0,19789.0,19685.0,19752.0,19690.0,20258.0,20028.0,19891.0,19663.0,19346.0,19228.0,19021.0,18729.0,18562.0,18211.0,17968.0,17824.0,17519.0,17382.0,17014.0,16826.0,16842.0,16888.0,16899.0,16459.0,16295.0,15991.0,15786.0,15572.0,15339.0,15218.0,15606.0,15431.0,15194.0,15232.0,15095.0,14593.0,14019.0,13763.0,13673.0,13432.0,13428.0,13152.0,12979.0,12879.0,12676.0,12516.0,12160.0,12034.0,11844.0,11800.0,11742.0,11638.0,11394.0,11198.0,11121.0,11053.0,10930.0,10844.0,10686.0,10566.0,10404.0,10324.0,10223.0,'DES'
2625.0,2609.0,2615.0,2607.0,2554.0,2567.0,2540.0,2483.0,2409.0,2380.0,2369.0,2359.0,2359.0,2373.0,2379.0,2365.0,2356.0,2347.0,2423.0,2417.0,2392.0,2391.0,2366.0,2368.0,2350.0,2337.0,2436.0,2392.0,2365.0,2348.0,2419.0,2336.0,2327.0,2317.0,2282.0,2278.0,2259.0,2224.0,2224.0,2203.0,2188.0,2181.0,2187.0,2177.0,2148.0,2127.0,2119.0,2099.0,2091.0,2053.0,2047.0,2040.0,2015.0,1988.0,1916.0,1858.0,1822.0,1795.0,1787.0,1823.0,1791.0,1748.0,1722.0,1700.0,1684.0,1698.0,1500.0,1486.0,1439.0,1430.0,1416.0,'AHW'
2430.0,2375.0,2358.0,2395.0,2408.0,2395.0,2413.0,2431.0,2433.0,2478.0,2465.0,2460.0,2466.0,2451.0,2452.0,2459.0,2473.0,2462.0,2513.0,2516.0,2537.0,2510.0,2515.0,2521.0,2490.0,2482.0,2430.0,2401.0,2417.0,2387.0,2356.0,2280.0,2256.0,2280.0,2252.0,2211.0,2192.0,2179.0,2149.0,2109.0,2083.0,2054.0,2075.0,2033.0,2008.0,2003.0,1987.0,1964.0,1942.0,1948.0,1912.0,1869.0,1821.0,1821.0,1775.0,1751.0,1752.0,1764.0,1749.0,1727.0,1684.0,1666.0,1631.0,1623.0,1616.0,1497.0,1497.0,1516.0,1496.0,1482.0,1458.0,'MHW'
11285.0,11218.0,11195.0,11145.0,11153.0,11230.0,11133.0,11217.0,11148.0,11095.0,11023.0,11006.0,10921.0,10846.0,10771.0,10812.0,10714.0,10591.0,10443.0,10360.0,10255.0,10165.0,10108.0,9999.0,10051.0,9794.0,9696.0,9667.0,10422.0,10593.0,10345.0,10305.0,10266.0,10088.0,10075.0,10074.0,10037.0,9062.0,6608.0,6604.0,6798.0,6720.0,6729.0,6695.0,6564.0,6536.0,6491.0,6452.0,6391.0,6348.0,6331.0,6414.0,6299.0,6299.0,6268.0,6135.0,6107.0,5992.0,5952.0,5914.0,5902.0,5886.0,5881.0,5886.0,5746.0,5632.0,5632.0,5603.0,5511.0,5436.0,5427.0,'DES'
10717.0,10754.0,10758.0,10717.0,10705.0,10764.0,10752.0,10716.0,10701.0,10795.0,10822.0,10614.0,10525.0,10468.0,10381.0,10412.0,10412.0,10386.0,10338.0,10295.0,10182.0,10118.0,10040.0,10047.0,10020.0,10037.0,10016.0,9973.0,9932.0,9909.0,9944.0,9926.0,9923.0,9872.0,9745.0,9722.0,9738.0,9746.0,9694.0,9664.0,9523.0,9600.0,9562.0,9533.0,9596.0,9559.0,9328.0,9063.0,9102.0,8900.0,9706.0,10800.0,10711.0,10711.0,10695.0,10749.0,10665.0,10660.0,10489.0,10553.0,10472.0,10425.0,10445.0,10373.0,10317.0,10071.0,10071.0,9936.0,9907.0,9876.0,9686.0,'DES'
5175.0,5167.0,5187.0,5183.0,5135.0,5148.0,5185.0,5093.0,5018.0,5028.0,5002.0,4989.0,5071.0,4992.0,4798.0,4756.0,4667.0,4621.0,4622.0,4459.0,4393.0,4323.0,4239.0,4184.0,4143.0,4080.0,4118.0,4093.0,4087.0,4053.0,4143.0,3952.0,3900.0,3839.0,3779.0,3725.0,3713.0,3692.0,3654.0,3652.0,3593.0,3525.0,3482.0,3477.0,3433.0,3420.0,3404.0,3417.0,3404.0,3378.0,3367.0,3329.0,3278.0,3243.0,3149.0,3139.0,3097.0,3078.0,3062.0,3050.0,3020.0,3003.0,2981.0,2944.0,2919.0,2899.0,2874.0,2873.0,2853.0,2848.0,2837.0,'DES'
2052.0,2060.0,2094.0,2102.0,2119.0,2170.0,2174.0,2170.0,2171.0,2173.0,2181.0,2185.0,2213.0,2214.0,2217.0,2241.0,2242.0,3421.0,3353.0,3399.0,3536.0,3843.0,3813.0,3844.0,3877.0,3922.0,3946.0,3951.0,3969.0,4008.0,4009.0,4022.0,4036.0,4040.0,4036.0,4025.0,4045.0,4061.0,4053.0,4071.0,4024.0,4042.0,3997.0,3924.0,3850.0,3803.0,3788.0,3809.0,3748.0,3723.0,3639.0,3595.0,3448.0,3448.0,3394.0,3351.0,3226.0,3184.0,3124.0,3059.0,3006.0,2931.0,2869.0,2786.0,2748.0,2662.0,2662.0,2622.0,2530.0,2496.0,2456.0,'DES'
5620.0,5625.0,5653.0,5650.0,5672.0,5739.0,5771.0,5822.0,5784.0,5787.0,5788.0,5753.0,5767.0,5739.0,5733.0,5729.0,5675.0,5663.0,5722.0,5679.0,5672.0,5689.0,5691.0,5678.0,5654.0,5629.0,5620.0,5548.0,5546.0,5560.0,5578.0,5521.0,5536.0,5472.0,5589.0,5502.0,5414.0,5381.0,5304.0,5305.0,5333.0,5312.0,5356.0,5307.0,5230.0,5214.0,5227.0,5083.0,5027.0,4933.0,4911.0,4885.0,4805.0,4805.0,4771.0,4745.0,4671.0,4723.0,4699.0,4602.0,4514.0,4480.0,4233.0,4059.0,3984.0,3904.0,3904.0,3832.0,3730.0,3724.0,3720.0,'DES'
2419.0,2372.0,2415.0,2402.0,2394.0,2386.0,2375.0,2350.0,2321.0,2326.0,2315.0,2295.0,2262.0,2320.0,2369.0,2334.0,2317.0,2301.0,2291.0,2287.0,2275.0,2260.0,2249.0,2248.0,2217.0,2217.0,2064.0,2164.0,2140.0,2109.0,2083.0,2065.0,2043.0,2048.0,2024.0,1995.0,1954.0,1910.0,1828.0,1767.0,1747.0,1741.0,1706.0,1677.0,1682.0,1672.0,1646.0,1587.0,1572.0,1562.0,1524.0,1494.0,1366.0,1366.0,1344.0,1350.0,1334.0,1326.0,1306.0,1302.0,1281.0,1256.0,1251.0,1253.0,1236.0,1157.0,1157.0,1133.0,1168.0,1159.0,1133.0,'AHW'
2377.0,2302.0,2281.0,2265.0,2279.0,2246.0,2214.0,2172.0,2146.0,2173.0,2152.0,2125.0,2134.0,2177.0,2324.0,2296.0,2266.0,2253.0,2231.0,2094.0,1994.0,2024.0,2021.0,2021.0,2002.0,1989.0,1969.0,1973.0,1953.0,1944.0,1916.0,1858.0,1812.0,1815.0,1778.0,1762.0,1749.0,1738.0,1709.0,1684.0,1655.0,1652.0,1617.0,1581.0,1566.0,1541.0,1531.0,1521.0,1498.0,1469.0,1440.0,1408.0,1319.0,1319.0,1300.0,1284.0,1272.0,1256.0,1225.0,1224.0,1206.0,1203.0,1181.0,1153.0,1135.0,1089.0,1089.0,1060.0,1037.0,1007.0,1023.0,'AHW'
3833.0,3924.0,3919.0,3944.0,3951.0,3950.0,3965.0,3957.0,4076.0,4133.0,3918.0,3884.0,3858.0,3892.0,3826.0,3795.0,3858.0,3768.0,3735.0,3688.0,3675.0,3692.0,3666.0,3673.0,3704.0,3689.0,3667.0,3646.0,3599.0,3576.0,3561.0,3560.0,3504.0,3459.0,3447.0,3411.0,3337.0,3336.0,3256.0,3220.0,3049.0,2990.0,2945.0,2908.0,2897.0,2888.0,2739.0,2690.0,2607.0,2601.0,2569.0,2540.0,2476.0,2476.0,2453.0,2440.0,2410.0,2373.0,2412.0,2388.0,2366.0,2332.0,2307.0,2277.0,2225.0,2188.0,2188.0,2132.0,2079.0,2060.0,2073.0,'DES'
17648.0,17417.0,17299.0,17078.0,17090.0,16942.0,16832.0,16598.0,16733.0,16776.0,16831.0,16787.0,16750.0,16662.0,16547.0,16491.0,16362.0,16328.0,16266.0,16156.0,16055.0,16039.0,15984.0,15861.0,15684.0,15370.0,15201.0,15006.0,14981.0,14959.0,14840.0,14736.0,14638.0,14611.0,14290.0,14201.0,14040.0,14004.0,13844.0,13594.0,13445.0,13330.0,13274.0,13132.0,13007.0,12954.0,13068.0,12942.0,12621.0,12505.0,12388.0,12190.0,12099.0,12099.0,12132.0,11917.0,11969.0,11867.0,11733.0,11598.0,11538.0,11284.0,11144.0,11035.0,10897.0,10511.0,10511.0,10340.0,10245.0,10173.0,10137.0,'MHW'
4390.0,4370.0,4363.0,4310.0,4297.0,4279.0,4242.0,4118.0,4126.0,4098.0,4087.0,4019.0,4026.0,4048.0,4009.0,3779.0,3779.0,3773.0,3796.0,3931.0,3909.0,3906.0,3836.0,3797.0,3702.0,3525.0,3405.0,3446.0,3413.0,3386.0,3442.0,3351.0,3365.0,3364.0,3348.0,3348.0,3314.0,3270.0,3245.0,3199.0,3190.0,3154.0,3126.0,3090.0,3063.0,3021.0,2997.0,3016.0,2990.0,2974.0,2976.0,2946.0,2898.0,2868.0,2873.0,2836.0,2779.0,2690.0,2683.0,2662.0,2600.0,2568.0,2563.0,2535.0,2545.0,2549.0,2528.0,2512.0,2512.0,2501.0,2482.0,'DES'
19400.0,19091.0,18978.0,19093.0,18912.0,18826.0,18875.0,18913.0,18957.0,18938.0,18912.0,18718.0,18778.0,18701.0,18650.0,18460.0,18258.0,17928.0,17859.0,17540.0,17491.0,17500.0,17299.0,17195.0,17060.0,16849.0,16789.0,16541.0,16271.0,16101.0,16441.0,15846.0,15768.0,15624.0,15524.0,15243.0,15008.0,14739.0,14539.0,14409.0,14276.0,14097.0,13940.0,13744.0,13532.0,13446.0,13350.0,13099.0,12917.0,12801.0,12689.0,12554.0,12445.0,12281.0,12229.0,12045.0,11976.0,11939.0,11964.0,11854.0,11781.0,11647.0,11578.0,11294.0,11263.0,11164.0,11011.0,10917.0,10763.0,10558.0,10652.0,'DES'
6614.0,6662.0,6642.0,6646.0,6537.0,6508.0,6413.0,6379.0,6368.0,6362.0,6311.0,6260.0,6216.0,6217.0,6188.0,6174.0,6139.0,6081.0,6065.0,6075.0,6043.0,5979.0,5941.0,5974.0,5949.0,5939.0,5948.0,5890.0,5843.0,5796.0,6004.0,5780.0,5741.0,6824.0,6798.0,6697.0,6733.0,6682.0,6647.0,6564.0,6403.0,6409.0,6386.0,6302.0,6236.0,6203.0,6211.0,6182.0,6196.0,6139.0,6092.0,6054.0,6004.0,5933.0,5879.0,5809.0,5765.0,5730.0,5678.0,5654.0,5609.0,5543.0,5652.0,5572.0,5553.0,5528.0,5520.0,5501.0,5490.0,5462.0,5445.0,'DES'
4163.0,4118.0,4093.0,4074.0,4077.0,4077.0,4061.0,4091.0,4094.0,4053.0,4060.0,4047.0,4064.0,4123.0,4117.0,4103.0,4087.0,4087.0,4074.0,4055.0,3996.0,4025.0,4005.0,3988.0,3970.0,3903.0,3879.0,3850.0,3829.0,3804.0,3774.0,3765.0,3766.0,3731.0,3734.0,3725.0,3751.0,3676.0,3611.0,3596.0,3585.0,3512.0,3504.0,3451.0,3460.0,3436.0,3385.0,3341.0,3325.0,3264.0,3215.0,3174.0,3154.0,3154.0,3130.0,3118.0,3094.0,3048.0,3017.0,2992.0,2975.0,2945.0,2865.0,2826.0,2766.0,2673.0,2673.0,2675.0,2653.0,2648.0,2628.0,'AHW'
16498.0,16427.0,16421.0,16349.0,16361.0,16368.0,16208.0,16159.0,16145.0,16102.0,16028.0,15819.0,15708.0,15667.0,15483.0,15469.0,15379.0,15290.0,15070.0,15092.0,15394.0,15490.0,15266.0,15188.0,15158.0,15447.0,15666.0,15767.0,15712.0,15609.0,15585.0,15507.0,15320.0,15202.0,15211.0,15071.0,14902.0,14761.0,14582.0,14440.0,14297.0,14339.0,14180.0,14071.0,13862.0,13758.0,13613.0,13466.0,13206.0,12967.0,12779.0,12530.0,12105.0,12105.0,12105.0,12026.0,11829.0,11771.0,11629.0,11546.0,11441.0,11262.0,11150.0,11034.0,10918.0,10751.0,10751.0,10647.0,10563.0,10434.0,10291.0,'AHW'
15074.0,14991.0,15018.0,15036.0,15107.0,15110.0,15156.0,15283.0,15474.0,15429.0,15450.0,15283.0,15199.0,15233.0,15440.0,15417.0,15479.0,15394.0,15269.0,15178.0,15230.0,15173.0,15052.0,14960.0,14893.0,14724.0,14657.0,14626.0,14693.0,14656.0,14569.0,14466.0,14387.0,14254.0,14160.0,14059.0,13938.0,13915.0,13580.0,13820.0,13727.0,13800.0,13799.0,13630.0,13562.0,13572.0,13575.0,13354.0,13172.0,12991.0,12974.0,12929.0,12810.0,12810.0,12648.0,12528.0,12501.0,12393.0,12275.0,12058.0,11779.0,11669.0,11541.0,11455.0,11210.0,10967.0,10967.0,10942.0,10802.0,10818.0,10581.0,'DES'
5202.0,5299.0,5314.0,5322.0,5303.0,5262.0,5267.0,5279.0,5391.0,5458.0,5309.0,5283.0,5259.0,5305.0,5221.0,5157.0,5204.0,5152.0,5120.0,5081.0,5062.0,5039.0,5005.0,4999.0,4957.0,4895.0,4841.0,4773.0,4709.0,4690.0,4697.0,4658.0,4602.0,4546.0,4514.0,4450.0,4334.0,4284.0,4212.0,4201.0,4060.0,3995.0,3962.0,3900.0,3865.0,3844.0,3710.0,3658.0,3589.0,3561.0,3519.0,3470.0,3401.0,3401.0,3372.0,3333.0,3283.0,3245.0,3219.0,3180.0,3098.0,3072.0,3041.0,2994.0,2966.0,2909.0,2909.0,2808.0,2738.0,2724.0,2747.0,'MHW'
3704.0,3704.0,3725.0,3764.0,3747.0,3745.0,3699.0,3692.0,3711.0,3717.0,3753.0,3735.0,3740.0,3751.0,3769.0,3757.0,3768.0,3729.0,3704.0,3690.0,3649.0,3613.0,3604.0,3592.0,3551.0,3519.0,3470.0,3427.0,3403.0,3379.0,3347.0,3428.0,3394.0,3342.0,3320.0,3273.0,3208.0,3185.0,3104.0,3017.0,3004.0,2994.0,2963.0,2921.0,2865.0,2841.0,2815.0,2782.0,2727.0,2727.0,2711.0,2685.0,2599.0,2599.0,2550.0,2490.0,2463.0,2419.0,2377.0,2374.0,2323.0,2289.0,2253.0,2262.0,2190.0,2114.0,2114.0,2083.0,2030.0,2026.0,2002.0,'MHW'
16854.0,16822.0,16751.0,16745.0,16764.0,16652.0,16758.0,16785.0,16808.0,16583.0,16486.0,16281.0,16174.0,16006.0,15852.0,15838.0,16002.0,16290.0,16534.0,16577.0,16657.0,16609.0,16538.0,16480.0,16480.0,16515.0,16512.0,16422.0,16258.0,16188.0,15941.0,15913.0,15819.0,15560.0,15481.0,15299.0,15225.0,15046.0,14843.0,15150.0,15153.0,14893.0,14625.0,14239.0,13929.0,13727.0,13616.0,13487.0,14132.0,13995.0,13796.0,13583.0,13346.0,13346.0,13257.0,13178.0,13164.0,13040.0,12899.0,13117.0,13048.0,12425.0,12251.0,12020.0,12090.0,11476.0,11476.0,11310.0,11272.0,11202.0,11172.0,'DES'
4919.0,4819.0,4799.0,4790.0,4764.0,4738.0,4695.0,4716.0,4583.0,4568.0,4583.0,4533.0,4535.0,4509.0,4465.0,4433.0,4387.0,4346.0,4310.0,4283.0,4234.0,4129.0,4077.0,4056.0,4019.0,4035.0,4004.0,3950.0,3903.0,3876.0,3976.0,3864.0,3835.0,3647.0,3566.0,3547.0,3506.0,3497.0,3480.0,3420.0,3339.0,3317.0,3271.0,3233.0,3238.0,3208.0,3189.0,3193.0,3159.0,3118.0,3068.0,3047.0,3013.0,2977.0,2945.0,2915.0,2920.0,2877.0,2827.0,2804.0,2779.0,2743.0,2720.0,2683.0,2610.0,2557.0,2496.0,2456.0,2401.0,2386.0,2367.0,'AHW'
59472.0,58911.0,58340.0,56896.0,56459.0,55794.0,55227.0,54964.0,54912.0,54616.0,54728.0,54532.0,54428.0,53671.0,53368.0,53272.0,53258.0,52972.0,52652.0,51867.0,51257.0,51018.0,42970.0,42770.0,42542.0,41960.0,41489.0,40823.0,40611.0,40336.0,39924.0,39561.0,39276.0,38613.0,38364.0,37884.0,37533.0,36399.0,33598.0,34534.0,34388.0,34108.0,33790.0,33572.0,33157.0,32973.0,32735.0,32505.0,32237.0,31919.0,31666.0,31753.0,31064.0,31069.0,30908.0,30457.0,30249.0,29991.0,29785.0,29757.0,29476.0,29073.0,28648.0,28308.0,28189.0,27437.0,27437.0,27136.0,26714.0,26407.0,26265.0,'MHW'
8011.0,8022.0,7999.0,8029.0,8113.0,8128.0,8133.0,8116.0,7982.0,7946.0,7970.0,7972.0,8130.0,8052.0,7984.0,7951.0,7928.0,7899.0,7884.0,7850.0,7878.0,7514.0,7538.0,7593.0,7579.0,7523.0,7600.0,7545.0,7513.0,7437.0,7125.0,7068.0,7034.0,6976.0,7007.0,6985.0,6917.0,6808.0,6676.0,6576.0,6512.0,6440.0,6402.0,6348.0,6350.0,6331.0,6318.0,6376.0,6271.0,6196.0,6174.0,6179.0,6213.0,6213.0,6224.0,6232.0,6230.0,6234.0,6173.0,6140.0,6123.0,6048.0,6002.0,5969.0,6126.0,6018.0,6018.0,5956.0,5913.0,5882.0,5876.0,'ARIMA'
6161.0,6138.0,6103.0,6109.0,6057.0,6051.0,6058.0,6132.0,6117.0,6097.0,6041.0,5971.0,5956.0,5958.0,5944.0,5886.0,5991.0,6021.0,5961.0,5920.0,5871.0,5916.0,5832.0,5790.0,5735.0,5710.0,5758.0,5835.0,5799.0,5730.0,5756.0,5647.0,5591.0,5491.0,5470.0,5399.0,5208.0,5119.0,5033.0,4986.0,4904.0,4824.0,4762.0,4637.0,4472.0,4458.0,4422.0,4297.0,4243.0,4229.0,4117.0,4078.0,4045.0,3971.0,3919.0,3873.0,3833.0,3831.0,3833.0,3860.0,3818.0,3797.0,3539.0,3458.0,3432.0,3393.0,3340.0,3319.0,3344.0,3279.0,3217.0,'DES'
13415.0,13268.0,13125.0,13030.0,12982.0,12875.0,12710.0,12638.0,12588.0,12593.0,12504.0,12477.0,12385.0,12269.0,12128.0,11993.0,11966.0,11992.0,12053.0,11998.0,12197.0,12256.0,12366.0,12348.0,12342.0,12344.0,12089.0,12056.0,12027.0,12060.0,11966.0,11913.0,11836.0,11672.0,11639.0,11496.0,11356.0,11258.0,11106.0,10915.0,10832.0,10715.0,10623.0,10512.0,10354.0,10221.0,10176.0,10147.0,9960.0,9885.0,9802.0,9751.0,9531.0,9531.0,9487.0,9427.0,9339.0,9254.0,9226.0,9103.0,9080.0,8941.0,8840.0,8667.0,8583.0,8478.0,8478.0,8425.0,8305.0,8327.0,8176.0,'AHW'
5008.0,4971.0,4930.0,4870.0,4784.0,4735.0,4708.0,4633.0,4627.0,4634.0,4616.0,4635.0,4583.0,4537.0,4436.0,4385.0,4295.0,4261.0,4243.0,4220.0,4216.0,4337.0,4278.0,4081.0,4278.0,4291.0,4252.0,4160.0,4135.0,4115.0,4172.0,4039.0,3964.0,3886.0,3848.0,3791.0,3728.0,3705.0,3617.0,3516.0,3462.0,3413.0,3387.0,3367.0,3342.0,3323.0,3303.0,3277.0,3257.0,3230.0,3206.0,3209.0,3172.0,3174.0,3158.0,3061.0,3043.0,3036.0,3017.0,2974.0,2962.0,2902.0,2877.0,2812.0,2796.0,2774.0,2716.0,2668.0,2654.0,2650.0,2594.0,'DES'
6778.0,6737.0,6678.0,6644.0,6606.0,6585.0,6586.0,6543.0,6479.0,6486.0,6491.0,6463.0,6424.0,6402.0,6368.0,6341.0,6316.0,6418.0,6396.0,6404.0,6415.0,6393.0,6395.0,6402.0,6333.0,6316.0,6321.0,6296.0,6244.0,6233.0,6194.0,6217.0,6163.0,6100.0,6094.0,6048.0,6063.0,6007.0,5914.0,5912.0,5880.0,5803.0,5700.0,5694.0,5652.0,5574.0,5522.0,5481.0,5470.0,5407.0,5393.0,5440.0,5302.0,5302.0,5218.0,5169.0,5113.0,4965.0,4862.0,4816.0,4739.0,4713.0,4653.0,4631.0,4610.0,4483.0,4483.0,4435.0,4418.0,4369.0,4341.0,'DES'
7344.0,7264.0,7239.0,7114.0,7031.0,6898.0,6939.0,6906.0,6840.0,6803.0,6691.0,6663.0,6623.0,6723.0,6685.0,6669.0,6666.0,7076.0,7038.0,6892.0,6660.0,6540.0,6534.0,6403.0,6326.0,6292.0,6135.0,6071.0,6022.0,5980.0,5913.0,5661.0,5602.0,5477.0,5465.0,5371.0,5328.0,5310.0,5294.0,5160.0,5054.0,5004.0,4983.0,4889.0,4798.0,4406.0,4387.0,4266.0,4231.0,4168.0,4118.0,4222.0,4108.0,4127.0,3810.0,3770.0,3761.0,3618.0,3472.0,3472.0,3380.0,3337.0,3292.0,3237.0,3217.0,3244.0,3287.0,3255.0,3233.0,3141.0,3001.0,'SES'
4164.0,4090.0,4016.0,3945.0,3912.0,3914.0,3899.0,3954.0,3963.0,3957.0,3966.0,3980.0,3950.0,4011.0,4064.0,4068.0,4084.0,4087.0,4065.0,4052.0,4133.0,4104.0,4085.0,4072.0,4031.0,4015.0,3991.0,3976.0,3985.0,4032.0,4045.0,4036.0,4001.0,3998.0,3964.0,3971.0,3969.0,3918.0,3870.0,3806.0,3762.0,3737.0,3702.0,3648.0,3626.0,3536.0,3528.0,3449.0,3415.0,3346.0,3390.0,3320.0,3150.0,3150.0,3063.0,2968.0,2943.0,2931.0,2849.0,2818.0,2752.0,2731.0,2704.0,2662.0,2652.0,2595.0,2595.0,2545.0,2499.0,2498.0,2515.0,'DES'
9757.0,9698.0,10010.0,10141.0,10289.0,10261.0,10274.0,10386.0,10486.0,10543.0,10553.0,10505.0,10497.0,10518.0,10395.0,10290.0,10077.0,9903.0,9682.0,9622.0,9496.0,9421.0,9378.0,9334.0,9182.0,9016.0,9094.0,8982.0,8910.0,8868.0,8405.0,8391.0,8194.0,8174.0,7986.0,7940.0,7803.0,7721.0,7668.0,7518.0,7211.0,7135.0,7093.0,6990.0,6967.0,6928.0,6865.0,6758.0,6607.0,6479.0,6379.0,6294.0,6018.0,6018.0,5995.0,5849.0,5621.0,5534.0,5459.0,5345.0,5296.0,5218.0,5116.0,4877.0,4756.0,4513.0,4513.0,4365.0,4340.0,4307.0,4282.0,'AHW'
6687.0,6665.0,6624.0,6621.0,6610.0,6613.0,6613.0,6623.0,6723.0,6663.0,6536.0,6524.0,6502.0,6454.0,6404.0,6343.0,6330.0,6293.0,6178.0,6148.0,6130.0,6040.0,5993.0,5960.0,5974.0,6160.0,6095.0,6005.0,5925.0,5877.0,5914.0,5612.0,5006.0,4912.0,4856.0,4800.0,4738.0,4723.0,4664.0,4553.0,4525.0,4459.0,4428.0,4403.0,4369.0,4348.0,4329.0,4280.0,4273.0,4267.0,4178.0,4291.0,4236.0,4200.0,4156.0,3986.0,3930.0,3926.0,3872.0,3903.0,4088.0,4115.0,4076.0,4029.0,4010.0,3990.0,3964.0,3925.0,4023.0,4044.0,4072.0,'ARIMA'
7078.0,7118.0,7200.0,7283.0,7398.0,7419.0,7541.0,7617.0,7646.0,7710.0,7794.0,7809.0,7891.0,7942.0,7911.0,7902.0,7859.0,7861.0,7784.0,7808.0,7750.0,7732.0,7732.0,7708.0,7680.0,7590.0,7579.0,7541.0,7493.0,7450.0,7742.0,7309.0,7228.0,7442.0,7431.0,7364.0,7276.0,7239.0,7126.0,6942.0,6865.0,6815.0,6740.0,6702.0,6632.0,6616.0,6637.0,6630.0,6625.0,6631.0,6639.0,6563.0,6459.0,6424.0,6257.0,6174.0,6131.0,6145.0,6088.0,6047.0,6041.0,5987.0,5981.0,5924.0,5943.0,5907.0,5861.0,5864.0,5862.0,5929.0,5978.0,'AHW'
12380.0,12064.0,11953.0,11134.0,10802.0,10725.0,10572.0,10492.0,10458.0,10163.0,10019.0,9964.0,9764.0,9542.0,9523.0,9533.0,9870.0,9727.0,9661.0,9627.0,9121.0,9081.0,9159.0,9110.0,8977.0,9018.0,8901.0,8799.0,8517.0,8377.0,8299.0,8184.0,8137.0,8067.0,8064.0,7996.0,8020.0,8007.0,7875.0,8592.0,8512.0,8456.0,8341.0,8224.0,8150.0,8084.0,7993.0,7925.0,8439.0,8356.0,8322.0,8315.0,8475.0,8475.0,8443.0,8357.0,8274.0,8130.0,7525.0,7507.0,7469.0,6727.0,6614.0,6612.0,6569.0,6457.0,6457.0,6297.0,6251.0,6227.0,6280.0,'DES'
6557.0,6561.0,6527.0,6521.0,6455.0,6456.0,6477.0,6557.0,6540.0,6560.0,6554.0,6525.0,6502.0,6552.0,6554.0,6462.0,6398.0,6398.0,6395.0,6461.0,6307.0,6239.0,6238.0,6154.0,6034.0,5998.0,5885.0,5820.0,5723.0,5677.0,5671.0,5474.0,5484.0,5454.0,5432.0,5402.0,5350.0,5315.0,5214.0,5144.0,5094.0,5085.0,5073.0,5017.0,4998.0,4912.0,4864.0,4814.0,4726.0,4680.0,4644.0,4592.0,4583.0,4465.0,4426.0,4381.0,4317.0,4143.0,4118.0,4134.0,4065.0,4016.0,4021.0,3989.0,3942.0,3952.0,3910.0,3939.0,3950.0,3940.0,3938.0,'SES'
2522.0,2487.0,2478.0,2471.0,2461.0,2453.0,2462.0,2506.0,2443.0,2433.0,2433.0,2464.0,2454.0,2459.0,2456.0,2377.0,2360.0,2324.0,2310.0,2303.0,2289.0,2282.0,2321.0,2316.0,2310.0,2286.0,2233.0,2224.0,2135.0,2102.0,2112.0,2029.0,1997.0,1977.0,1896.0,1878.0,1872.0,1748.0,1814.0,1779.0,1760.0,1744.0,1713.0,1706.0,1688.0,1713.0,1680.0,1663.0,1627.0,1615.0,1571.0,1536.0,1521.0,1509.0,1497.0,1474.0,1484.0,1469.0,1442.0,1474.0,1445.0,1434.0,1402.0,1372.0,1350.0,1325.0,1304.0,1338.0,1319.0,1312.0,1295.0,'AHW'
9451.0,9498.0,9454.0,9463.0,9445.0,9381.0,9348.0,9360.0,9372.0,9408.0,9444.0,9391.0,9348.0,9582.0,9507.0,9432.0,9334.0,9051.0,8801.0,8732.0,8745.0,8683.0,8691.0,8699.0,8589.0,8576.0,8545.0,8451.0,8320.0,8269.0,8290.0,8273.0,8308.0,8303.0,8328.0,8252.0,8250.0,8300.0,8336.0,8318.0,8221.0,8170.0,8102.0,8162.0,8093.0,8111.0,8052.0,7911.0,7932.0,7823.0,7772.0,7747.0,7616.0,7616.0,7496.0,7385.0,7375.0,7305.0,7174.0,7076.0,6925.0,6769.0,6690.0,6634.0,6555.0,6334.0,6334.0,6225.0,6204.0,6150.0,6043.0,'DES'
6194.0,6145.0,6086.0,6079.0,6058.0,6100.0,6103.0,6101.0,6078.0,6071.0,6054.0,6031.0,6014.0,5971.0,5913.0,5894.0,5862.0,5837.0,5861.0,5866.0,5810.0,5792.0,5788.0,5778.0,5730.0,5674.0,5739.0,5757.0,5701.0,5690.0,5453.0,5396.0,5358.0,5324.0,5287.0,5242.0,5236.0,5213.0,5257.0,5224.0,5188.0,5151.0,5084.0,5054.0,4983.0,4894.0,4889.0,4862.0,4826.0,4803.0,4773.0,4746.0,4809.0,4809.0,4853.0,4782.0,4722.0,4710.0,4734.0,4727.0,4701.0,4585.0,4591.0,4544.0,4530.0,4432.0,4432.0,4395.0,4339.0,4326.0,4337.0,'MHW'
3516.0,3494.0,3469.0,3453.0,3458.0,3446.0,3432.0,3411.0,3415.0,3408.0,3420.0,3384.0,3381.0,3378.0,3353.0,3340.0,3304.0,3292.0,3251.0,3191.0,3206.0,3189.0,3160.0,3174.0,3136.0,3128.0,3091.0,3042.0,2990.0,2967.0,3023.0,2988.0,2968.0,2954.0,2935.0,2915.0,2897.0,2892.0,2897.0,2880.0,2826.0,2845.0,2817.0,2833.0,2806.0,2787.0,2778.0,2720.0,2729.0,2706.0,2675.0,2641.0,2591.0,2591.0,2571.0,2514.0,2510.0,2484.0,2437.0,2413.0,2402.0,2344.0,2351.0,2316.0,2303.0,2226.0,2226.0,2165.0,2164.0,2133.0,2082.0,'MHW'
2829.0,2783.0,2776.0,2761.0,2766.0,2773.0,2745.0,2740.0,2758.0,2707.0,2692.0,2702.0,2712.0,2779.0,2783.0,2759.0,2738.0,2740.0,2763.0,2753.0,2718.0,2720.0,2709.0,2701.0,2666.0,2663.0,2640.0,2600.0,2592.0,2577.0,2535.0,2502.0,2513.0,2472.0,2446.0,2412.0,2389.0,2349.0,2327.0,2313.0,2313.0,2284.0,2268.0,2218.0,2157.0,2131.0,2119.0,2072.0,2041.0,1995.0,1963.0,1926.0,1888.0,1888.0,1873.0,1848.0,1820.0,1826.0,1785.0,1767.0,1743.0,1708.0,1674.0,1648.0,1623.0,1580.0,1580.0,1554.0,1530.0,1531.0,1518.0,'AHW'
3305.0,3337.0,3357.0,3370.0,3365.0,3464.0,3485.0,3524.0,3624.0,3613.0,3605.0,3612.0,3610.0,3614.0,3583.0,3547.0,3520.0,3508.0,3477.0,3448.0,3434.0,3423.0,3241.0,3252.0,3299.0,3176.0,3135.0,3047.0,3030.0,2979.0,2992.0,2914.0,2915.0,2870.0,2868.0,2824.0,2753.0,2623.0,2596.0,2580.0,2559.0,2514.0,2505.0,2450.0,2255.0,2244.0,2237.0,2228.0,2217.0,2206.0,2193.0,2197.0,2161.0,2118.0,2116.0,2051.0,2021.0,2005.0,2007.0,1978.0,1964.0,1942.0,1917.0,1878.0,1874.0,1813.0,1815.0,1781.0,1690.0,1542.0,1562.0,'DES'
10296.0,10123.0,10037.0,9943.0,9880.0,9867.0,9885.0,9905.0,9885.0,9920.0,9993.0,10008.0,9925.0,9867.0,9812.0,9654.0,9623.0,9437.0,9336.0,9263.0,9227.0,9157.0,8947.0,8876.0,8875.0,8775.0,8679.0,8796.0,8639.0,8610.0,8724.0,8371.0,8313.0,8249.0,8090.0,8044.0,8009.0,7750.0,7785.0,7708.0,7643.0,7634.0,7540.0,7426.0,7353.0,7342.0,7266.0,7196.0,7014.0,6931.0,6794.0,6668.0,6565.0,6462.0,6368.0,6328.0,6356.0,6277.0,6129.0,6121.0,6011.0,5815.0,5754.0,5651.0,5597.0,5536.0,5471.0,5514.0,5418.0,5450.0,5374.0,'DES'
2294.0,2261.0,2266.0,2250.0,2225.0,2211.0,2208.0,2210.0,2179.0,2163.0,2157.0,2151.0,2337.0,2285.0,2181.0,2150.0,2093.0,2073.0,2030.0,1895.0,1861.0,1820.0,1791.0,1775.0,1757.0,1740.0,1766.0,1796.0,1762.0,1733.0,1794.0,1681.0,1643.0,1598.0,1551.0,1533.0,1553.0,1556.0,1513.0,1530.0,1490.0,1453.0,1441.0,1427.0,1404.0,1397.0,1388.0,1436.0,1436.0,1432.0,1425.0,1465.0,1436.0,1413.0,1372.0,1336.0,1313.0,1296.0,1288.0,1267.0,1256.0,1236.0,1236.0,1227.0,1225.0,1208.0,1187.0,1182.0,1174.0,1164.0,1148.0,'DES'
3003.0,3030.0,3028.0,3014.0,2976.0,2974.0,2977.0,2993.0,2986.0,2989.0,2979.0,2960.0,2953.0,2961.0,2942.0,3006.0,2986.0,2965.0,2938.0,2916.0,2890.0,2864.0,2819.0,2793.0,2755.0,2750.0,2716.0,2693.0,2675.0,2649.0,2660.0,2599.0,2581.0,2567.0,2557.0,2532.0,2513.0,2486.0,2460.0,2432.0,2409.0,2382.0,2365.0,2332.0,2296.0,2289.0,2295.0,2260.0,2247.0,2234.0,2212.0,2209.0,2184.0,2165.0,2171.0,2143.0,2138.0,2125.0,2083.0,2064.0,2050.0,2016.0,2244.0,2242.0,2226.0,2211.0,2122.0,2144.0,2123.0,2127.0,2127.0,'DES'
4449.0,4465.0,4487.0,4493.0,4559.0,4543.0,4597.0,4617.0,4677.0,4693.0,4658.0,4643.0,4617.0,4606.0,4584.0,4544.0,4496.0,4500.0,4478.0,4456.0,4434.0,4421.0,4426.0,4422.0,4413.0,4419.0,4366.0,4367.0,4443.0,4435.0,4402.0,4383.0,4315.0,4347.0,4321.0,4253.0,4261.0,4173.0,4177.0,4108.0,4055.0,4018.0,3980.0,3958.0,3901.0,3882.0,3845.0,3824.0,3740.0,3651.0,3604.0,3489.0,3372.0,3372.0,3334.0,3351.0,3283.0,3242.0,3196.0,3163.0,3120.0,3065.0,3059.0,3007.0,2937.0,2660.0,2660.0,2629.0,2616.0,2583.0,2579.0,'MHW'
4352.0,4320.0,4440.0,4408.0,4426.0,4404.0,4427.0,4375.0,4327.0,4336.0,4325.0,4365.0,4305.0,4282.0,4256.0,4181.0,4163.0,4268.0,4212.0,4220.0,4243.0,4243.0,4245.0,4221.0,4195.0,4219.0,4219.0,4198.0,4103.0,4122.0,4062.0,4061.0,4015.0,3927.0,3938.0,3927.0,3904.0,3810.0,3755.0,3728.0,3700.0,3637.0,3584.0,3551.0,3500.0,3428.0,3433.0,3385.0,3391.0,3354.0,3334.0,3327.0,3169.0,3169.0,3130.0,3094.0,3074.0,3036.0,3018.0,2999.0,2932.0,2943.0,2926.0,2894.0,2857.0,2808.0,2808.0,2777.0,2744.0,2720.0,2689.0,'MHW'
3982.0,3900.0,3806.0,3828.0,3755.0,3710.0,3656.0,3647.0,3609.0,3570.0,3538.0,3516.0,3496.0,3570.0,3643.0,3602.0,3565.0,3557.0,3478.0,3456.0,3475.0,3482.0,3456.0,3447.0,3400.0,3359.0,3218.0,3296.0,3254.0,3210.0,3148.0,3089.0,3065.0,3098.0,3089.0,3044.0,2984.0,2960.0,2917.0,2882.0,2858.0,2765.0,2599.0,2445.0,2418.0,2388.0,2328.0,2274.0,2216.0,2181.0,2137.0,2081.0,1975.0,1975.0,1955.0,2003.0,1977.0,1951.0,1904.0,1889.0,1837.0,1804.0,1788.0,1744.0,1682.0,1532.0,1532.0,1522.0,1521.0,1502.0,1480.0,'AHW'
4407.0,4400.0,4456.0,4469.0,4477.0,4483.0,4530.0,4563.0,4534.0,4549.0,4581.0,4482.0,4486.0,4507.0,4551.0,4585.0,4618.0,4636.0,4630.0,4629.0,4531.0,4538.0,4509.0,4544.0,4589.0,4614.0,4662.0,4681.0,4697.0,4713.0,4765.0,4776.0,4774.0,4782.0,4776.0,4835.0,4865.0,4926.0,4966.0,4968.0,4878.0,4899.0,4897.0,4824.0,4749.0,4678.0,4464.0,4256.0,4339.0,4170.0,5005.0,6199.0,6212.0,6212.0,6191.0,6160.0,6090.0,6060.0,6005.0,5991.0,5941.0,5942.0,5908.0,5852.0,5838.0,5778.0,5778.0,5722.0,5684.0,5646.0,5581.0,'DES'
2383.0,2385.0,2398.0,2379.0,2392.0,2373.0,2361.0,2355.0,2348.0,2393.0,2378.0,2371.0,2387.0,2378.0,2355.0,2333.0,2270.0,2293.0,2272.0,2278.0,2240.0,2282.0,2236.0,2196.0,2135.0,2160.0,2160.0,2089.0,2080.0,2051.0,2023.0,2023.0,2020.0,2008.0,1977.0,1945.0,1950.0,1924.0,1906.0,1910.0,1891.0,1850.0,1861.0,1862.0,1845.0,1838.0,1813.0,1793.0,1776.0,1746.0,1699.0,1670.0,1612.0,1612.0,1580.0,1545.0,1515.0,1482.0,1442.0,1424.0,1400.0,1358.0,1319.0,1285.0,1274.0,1186.0,1186.0,1165.0,1146.0,1115.0,1094.0,'AHW'
10947.0,10887.0,10461.0,10261.0,10240.0,10120.0,10063.0,10193.0,9949.0,9946.0,9912.0,9991.0,9812.0,9740.0,9668.0,9588.0,9505.0,9500.0,9791.0,9898.0,9658.0,9525.0,9423.0,9391.0,9349.0,9239.0,9101.0,9030.0,8993.0,8866.0,8650.0,8791.0,8659.0,8490.0,8474.0,8372.0,8176.0,8140.0,7765.0,7712.0,7673.0,7640.0,7534.0,7314.0,7188.0,6859.0,6612.0,6438.0,6351.0,6293.0,6083.0,6032.0,5930.0,5930.0,5885.0,5972.0,5944.0,6039.0,6012.0,5961.0,5905.0,5920.0,5946.0,6016.0,6096.0,6158.0,6158.0,6051.0,6022.0,6078.0,5922.0,'MHW'
5843.0,5805.0,5797.0,5744.0,5983.0,5978.0,5921.0,5849.0,5827.0,5771.0,5705.0,5646.0,5666.0,5642.0,5506.0,5353.0,5287.0,5345.0,5319.0,5288.0,5221.0,5155.0,5104.0,5061.0,5049.0,5033.0,5019.0,5071.0,5044.0,5371.0,5373.0,5278.0,5183.0,5239.0,5255.0,5197.0,5100.0,5061.0,5095.0,5079.0,4941.0,4962.0,4911.0,4695.0,4719.0,4681.0,4597.0,4493.0,4474.0,4390.0,4329.0,4266.0,4185.0,4113.0,4038.0,4029.0,3947.0,3928.0,3907.0,3881.0,3803.0,3701.0,3496.0,3416.0,3615.0,3493.0,3448.0,3439.0,3419.0,3398.0,3354.0,'DES'
3542.0,3550.0,3539.0,3539.0,3476.0,3447.0,3429.0,3461.0,3439.0,3475.0,3461.0,3447.0,3429.0,3425.0,3385.0,3382.0,3347.0,3330.0,3322.0,3305.0,3289.0,3303.0,3282.0,3242.0,3267.0,3266.0,3260.0,3202.0,3209.0,3296.0,3274.0,3316.0,3351.0,3327.0,3311.0,3304.0,3331.0,3328.0,3309.0,3317.0,3290.0,3300.0,3297.0,3290.0,3267.0,3295.0,3281.0,3252.0,3269.0,3247.0,3153.0,3119.0,3008.0,3008.0,2960.0,2907.0,2878.0,2868.0,2818.0,2779.0,2772.0,2723.0,2679.0,2663.0,2654.0,2618.0,2618.0,2597.0,2570.0,2551.0,2527.0,'DES'
5163.0,5175.0,5144.0,5168.0,5168.0,5144.0,5112.0,5175.0,5148.0,5147.0,5171.0,5099.0,5083.0,5060.0,5252.0,5206.0,5204.0,5161.0,5167.0,5148.0,5144.0,5032.0,5020.0,5009.0,5022.0,5033.0,5016.0,4913.0,4879.0,4872.0,4776.0,4764.0,4704.0,4657.0,4660.0,4640.0,4606.0,4564.0,4123.0,4273.0,4247.0,4176.0,4176.0,3961.0,3824.0,3787.0,3775.0,3737.0,3674.0,3619.0,3552.0,3558.0,3478.0,3478.0,3450.0,3407.0,3361.0,3301.0,3264.0,3562.0,3565.0,3601.0,3565.0,3541.0,3515.0,3486.0,3486.0,3471.0,3455.0,3423.0,3381.0,'DES'
23642.0,23539.0,23338.0,22695.0,22706.0,22443.0,22274.0,22344.0,22558.0,22520.0,22458.0,22419.0,22685.0,22746.0,22629.0,22520.0,22543.0,22640.0,22595.0,22282.0,22198.0,22138.0,14672.0,14543.0,14465.0,14366.0,14314.0,14440.0,14321.0,14359.0,14511.0,14153.0,14039.0,13929.0,13772.0,13683.0,13641.0,13478.0,13272.0,13077.0,13130.0,13003.0,12786.0,12651.0,12580.0,12457.0,12363.0,12254.0,12149.0,12065.0,12024.0,11986.0,11859.0,11813.0,11817.0,11603.0,11661.0,11651.0,11585.0,11543.0,11476.0,11489.0,11418.0,11368.0,11565.0,11604.0,11593.0,11470.0,11446.0,11372.0,11377.0,'TEMA'
29487.0,29544.0,29669.0,29579.0,29779.0,29683.0,29779.0,29591.0,28749.0,28790.0,28787.0,28474.0,28398.0,28325.0,28212.0,28089.0,27570.0,27369.0,27200.0,27208.0,27153.0,27031.0,24468.0,24490.0,24272.0,24218.0,24399.0,24924.0,25540.0,25582.0,26466.0,25481.0,25626.0,25865.0,25882.0,25759.0,25756.0,25710.0,25670.0,25763.0,25665.0,25623.0,26175.0,26270.0,26246.0,26289.0,26536.0,26613.0,26852.0,27020.0,27087.0,27364.0,27600.0,27724.0,27881.0,28038.0,28242.0,28320.0,28377.0,28516.0,28603.0,28750.0,29034.0,29043.0,29036.0,28965.0,28717.0,28546.0,28333.0,28294.0,28170.0,'ARIMA'
8293.0,8158.0,8092.0,8082.0,7991.0,7801.0,7784.0,7687.0,7699.0,7603.0,7577.0,7514.0,7480.0,7472.0,7375.0,7343.0,7246.0,7273.0,7169.0,7094.0,7027.0,6954.0,6864.0,6774.0,6645.0,6741.0,6668.0,6660.0,6574.0,6644.0,6698.0,6630.0,6604.0,6482.0,6455.0,6470.0,6416.0,6294.0,6116.0,6044.0,5920.0,5851.0,5770.0,5716.0,5642.0,5571.0,5546.0,5473.0,5333.0,5211.0,5164.0,5085.0,4882.0,4882.0,4822.0,4768.0,4779.0,4773.0,4699.0,4631.0,4516.0,4493.0,4427.0,4344.0,4300.0,4149.0,4149.0,4086.0,4052.0,4018.0,3991.0,'MHW'
3033.0,2986.0,2937.0,2913.0,2906.0,2867.0,2827.0,2788.0,2801.0,2792.0,2771.0,2789.0,2813.0,2801.0,2802.0,2810.0,2815.0,2794.0,2780.0,2772.0,2752.0,2700.0,2657.0,2606.0,2589.0,2581.0,2549.0,2522.0,2501.0,2515.0,2504.0,2460.0,2424.0,2388.0,2375.0,2360.0,2332.0,2303.0,2281.0,2255.0,2224.0,2193.0,2168.0,2139.0,2116.0,2077.0,2062.0,2051.0,2024.0,1999.0,1972.0,1985.0,1949.0,1920.0,1882.0,1830.0,1798.0,1779.0,1763.0,1704.0,1670.0,1664.0,1648.0,1653.0,1634.0,1608.0,1582.0,1536.0,1558.0,1538.0,1546.0,'DES'
2914.0,2914.0,2933.0,2950.0,2931.0,2937.0,2979.0,2980.0,2958.0,2975.0,2969.0,2975.0,3014.0,2990.0,3033.0,3161.0,3139.0,3128.0,3108.0,3104.0,3088.0,3072.0,3044.0,3033.0,3005.0,2980.0,2915.0,2913.0,2910.0,2892.0,2911.0,2910.0,2889.0,2867.0,2864.0,2804.0,2776.0,2745.0,2590.0,2519.0,2502.0,2480.0,2446.0,2424.0,2403.0,2388.0,2366.0,2341.0,2345.0,2327.0,2255.0,2246.0,2130.0,2130.0,2104.0,2095.0,2081.0,2101.0,2078.0,2078.0,2056.0,2108.0,2064.0,1877.0,1869.0,1755.0,1755.0,1740.0,1761.0,1812.0,1821.0,'MHW'
4862.0,4856.0,4736.0,4745.0,4708.0,4662.0,4583.0,4597.0,4553.0,4569.0,4527.0,4510.0,4494.0,4480.0,4559.0,4444.0,4464.0,4492.0,4467.0,4353.0,4336.0,4282.0,4261.0,4235.0,4206.0,4201.0,4159.0,4078.0,4074.0,4039.0,3874.0,3838.0,3748.0,3624.0,3604.0,3585.0,3517.0,3445.0,3362.0,3320.0,3280.0,3208.0,3200.0,3154.0,3103.0,3027.0,2998.0,3059.0,2982.0,2793.0,2749.0,2528.0,2386.0,2386.0,2355.0,2256.0,2248.0,2204.0,2110.0,2098.0,2079.0,2081.0,2058.0,2051.0,2044.0,1940.0,1940.0,1903.0,1910.0,1902.0,1921.0,'DES'
3022.0,3001.0,2982.0,2995.0,2994.0,2989.0,2989.0,2968.0,2926.0,2875.0,2869.0,2852.0,2856.0,2854.0,2844.0,2856.0,2783.0,2745.0,2740.0,2697.0,2646.0,2421.0,2418.0,2442.0,2364.0,2325.0,2328.0,2275.0,2245.0,2215.0,2257.0,2217.0,2170.0,2140.0,2127.0,2045.0,2033.0,2002.0,1986.0,1948.0,1910.0,1902.0,1901.0,1834.0,1773.0,1746.0,1737.0,1738.0,1745.0,1711.0,1689.0,1679.0,1665.0,1635.0,1657.0,1658.0,1650.0,1654.0,1632.0,1639.0,1622.0,1611.0,1565.0,1550.0,1549.0,1537.0,1521.0,1458.0,1460.0,1448.0,1420.0,'DES'
11038.0,10882.0,10680.0,10560.0,10506.0,10479.0,10493.0,10451.0,10383.0,10423.0,10346.0,10298.0,10261.0,10166.0,10118.0,10066.0,9938.0,9907.0,9814.0,9731.0,9600.0,9477.0,9326.0,9271.0,9167.0,9093.0,9081.0,9169.0,9090.0,9044.0,8978.0,8929.0,8845.0,8859.0,8711.0,8723.0,8636.0,8623.0,8504.0,8508.0,8454.0,8340.0,8195.0,8113.0,8062.0,8003.0,7892.0,7773.0,7610.0,7443.0,7330.0,7230.0,7066.0,7065.0,6977.0,6900.0,6847.0,6823.0,6710.0,6657.0,6620.0,6503.0,6385.0,6349.0,6213.0,6022.0,6025.0,5954.0,5873.0,5763.0,5721.0,'MHW'
2380.0,2354.0,2343.0,2362.0,2352.0,2341.0,2324.0,2362.0,2421.0,2451.0,2436.0,2444.0,2421.0,2427.0,2390.0,2369.0,2408.0,2356.0,2297.0,2262.0,2266.0,2347.0,2330.0,2331.0,2267.0,2163.0,2095.0,2006.0,2061.0,1954.0,1841.0,1837.0,1777.0,1757.0,1715.0,1691.0,1683.0,1658.0,1660.0,1669.0,1689.0,1644.0,1573.0,1535.0,1526.0,1536.0,1526.0,1498.0,1470.0,1485.0,1452.0,1442.0,1373.0,1373.0,1397.0,1352.0,1355.0,1336.0,1347.0,1323.0,1289.0,1265.0,1244.0,1244.0,1197.0,1154.0,1154.0,1145.0,1124.0,1102.0,1086.0,'DES'
